ID,CATE,split
2293.PNG,1,train
7822.PNG,1,train
8158.PNG,1,train
1728.PNG,0,train
6045.PNG,0,train
4634.PNG,1,train
605.PNG,0,train
8084.PNG,1,train
4729.PNG,1,train
1985.PNG,1,train
8892.PNG,1,train
5398.PNG,0,train
896.PNG,0,train
9130.PNG,1,train
4283.PNG,1,train
563.PNG,0,train
2166.PNG,1,train
5791.PNG,0,train
4487.PNG,1,train
4402.PNG,1,train
9388.PNG,1,train
1540.PNG,0,train
3316.PNG,1,train
6043.PNG,0,train
2732.PNG,1,train
759.PNG,0,train
4047.PNG,1,train
2956.PNG,1,train
9560.PNG,1,train
1430.PNG,0,train
448.PNG,0,train
9057.PNG,1,train
9073.PNG,1,train
8566.PNG,1,train
379.PNG,0,train
9015.PNG,1,train
7712.PNG,1,train
1953.PNG,0,train
7625.PNG,1,train
8544.PNG,1,train
9709.PNG,1,train
1276.PNG,0,train
4862.PNG,0,train
5322.PNG,0,train
8659.PNG,1,train
7113.PNG,0,train
2548.PNG,1,train
1398.PNG,0,train
6493.PNG,0,train
2258.PNG,1,train
4602.PNG,1,train
1827.PNG,0,train
340.PNG,0,train
7976.PNG,1,train
8000.PNG,1,train
6177.PNG,0,train
1033.PNG,0,train
2516.PNG,1,train
2465.PNG,1,train
3026.PNG,1,train
2595.PNG,1,train
755.PNG,0,train
5755.PNG,0,train
4524.PNG,1,train
9759.PNG,1,train
1287.PNG,0,train
692.PNG,0,train
2810.PNG,1,train
8568.PNG,1,train
2623.PNG,1,train
4612.PNG,1,train
6335.PNG,0,train
1102.PNG,0,train
894.PNG,0,train
2939.PNG,1,train
3322.PNG,1,train
8520.PNG,1,train
2583.PNG,1,train
4928.PNG,0,train
1090.PNG,0,train
4466.PNG,1,train
6241.PNG,0,train
7571.PNG,1,train
858.PNG,0,train
5901.PNG,0,train
549.PNG,0,train
3159.PNG,1,train
3995.PNG,1,train
6061.PNG,0,train
5751.PNG,0,train
6580.PNG,0,train
6025.PNG,0,train
3862.PNG,1,train
4337.PNG,1,train
651.PNG,0,train
4763.PNG,1,train
1710.PNG,0,train
7222.PNG,0,train
1558.PNG,0,train
5458.PNG,0,train
8723.PNG,1,train
2141.PNG,1,train
4035.PNG,1,train
4317.PNG,1,train
2379.PNG,1,train
295.PNG,0,train
1880.PNG,0,train
9637.PNG,1,train
8500.PNG,1,train
2682.PNG,1,train
63.PNG,0,train
3743.PNG,1,train
8092.PNG,1,train
4241.PNG,1,train
2694.PNG,1,train
6413.PNG,0,train
1370.PNG,0,train
4812.PNG,1,train
790.PNG,0,train
8572.PNG,1,train
8846.PNG,1,train
1156.PNG,0,train
5402.PNG,0,train
3314.PNG,1,train
1088.PNG,0,train
7027.PNG,0,train
3269.PNG,1,train
146.PNG,0,train
4201.PNG,1,train
4816.PNG,1,train
7083.PNG,0,train
30.PNG,0,train
127.PNG,0,train
6179.PNG,0,train
766.PNG,0,train
6501.PNG,0,train
1062.PNG,0,train
3737.PNG,1,train
9043.PNG,1,train
8954.PNG,1,train
6671.PNG,0,train
8282.PNG,1,train
3213.PNG,1,train
5286.PNG,0,train
9609.PNG,1,train
1597.PNG,0,train
8973.PNG,1,train
3771.PNG,1,train
9438.PNG,1,train
1459.PNG,0,train
1363.PNG,0,train
4053.PNG,1,train
7128.PNG,0,train
7613.PNG,1,train
1024.PNG,0,train
5164.PNG,0,train
3073.PNG,1,train
2485.PNG,1,train
3091.PNG,1,train
934.PNG,0,train
9392.PNG,1,train
8389.PNG,1,train
9160.PNG,1,train
372.PNG,0,train
7910.PNG,1,train
3713.PNG,1,train
688.PNG,0,train
7299.PNG,0,train
5836.PNG,0,train
4484.PNG,1,train
4632.PNG,1,train
9154.PNG,1,train
5858.PNG,0,train
2228.PNG,1,train
7802.PNG,1,train
4741.PNG,1,train
2295.PNG,1,train
9670.PNG,1,train
4688.PNG,1,train
2658.PNG,1,train
4600.PNG,1,train
7850.PNG,1,train
8180.PNG,1,train
6865.PNG,0,train
7724.PNG,1,train
7115.PNG,0,train
5482.PNG,0,train
9079.PNG,1,train
8880.PNG,1,train
8536.PNG,1,train
8422.PNG,1,train
6395.PNG,0,train
2239.PNG,1,train
2906.PNG,1,train
8472.PNG,1,train
6966.PNG,0,train
4033.PNG,1,train
2409.PNG,1,train
1603.PNG,0,train
4714.PNG,1,train
8848.PNG,1,train
1865.PNG,0,train
9601.PNG,1,train
6515.PNG,0,train
8172.PNG,1,train
217.PNG,0,train
6117.PNG,0,train
2353.PNG,1,train
3834.PNG,1,train
2736.PNG,1,train
4273.PNG,1,train
3422.PNG,1,train
6053.PNG,0,train
5145.PNG,0,train
6231.PNG,0,train
6964.PNG,0,train
5607.PNG,0,train
1936.PNG,0,train
3729.PNG,1,train
2343.PNG,1,train
1152.PNG,0,train
2770.PNG,1,train
6871.PNG,0,train
575.PNG,0,train
3741.PNG,1,train
3818.PNG,1,train
6466.PNG,0,train
4591.PNG,1,train
6792.PNG,0,train
2786.PNG,1,train
7923.PNG,1,train
5789.PNG,0,train
3926.PNG,1,train
9436.PNG,1,train
8799.PNG,1,train
8046.PNG,1,train
661.PNG,0,train
4482.PNG,1,train
6598.PNG,0,train
2666.PNG,1,train
5176.PNG,0,train
5255.PNG,0,train
6447.PNG,0,train
4720.PNG,1,train
9504.PNG,1,train
670.PNG,0,train
1784.PNG,0,train
2322.PNG,1,train
9748.PNG,1,train
655.PNG,0,train
5456.PNG,0,train
5468.PNG,0,train
1192.PNG,0,train
5568.PNG,0,train
1349.PNG,0,train
7680.PNG,1,train
7081.PNG,0,train
4670.PNG,1,train
6079.PNG,0,train
2585.PNG,1,train
5978.PNG,0,train
1577.PNG,0,train
1599.PNG,0,train
9462.PNG,1,train
43.PNG,0,train
6329.PNG,0,train
8114.PNG,1,train
739.PNG,0,train
8789.PNG,1,train
5362.PNG,0,train
7047.PNG,0,train
7579.PNG,1,train
4542.PNG,1,train
3665.PNG,1,train
4171.PNG,1,train
3523.PNG,1,train
5512.PNG,0,train
3635.PNG,1,train
5509.PNG,0,train
3465.PNG,1,train
1688.PNG,0,train
7937.PNG,1,train
8934.PNG,1,train
8024.PNG,1,train
1681.PNG,0,train
3149.PNG,1,train
7733.PNG,1,train
3699.PNG,1,train
4110.PNG,1,train
5744.PNG,0,train
4586.PNG,1,train
3050.PNG,1,train
3942.PNG,1,train
1942.PNG,0,train
7331.PNG,0,train
6474.PNG,0,train
8733.PNG,1,train
8564.PNG,1,train
1629.PNG,0,train
3820.PNG,1,train
7220.PNG,0,train
8741.PNG,1,train
9240.PNG,1,train
6861.PNG,0,train
8842.PNG,1,train
2867.PNG,1,train
2016.PNG,1,train
5850.PNG,0,train
1857.PNG,0,train
3958.PNG,1,train
3272.PNG,1,train
6269.PNG,0,train
8626.PNG,1,train
8446.PNG,1,train
3424.PNG,1,train
6517.PNG,0,train
924.PNG,0,train
291.PNG,0,train
1244.PNG,0,train
8747.PNG,1,train
2231.PNG,1,train
1823.PNG,0,train
9376.PNG,1,train
9644.PNG,1,train
7786.PNG,1,train
2688.PNG,1,train
1522.PNG,0,train
3938.PNG,1,train
3981.PNG,1,train
7173.PNG,0,train
8359.PNG,1,train
1130.PNG,0,train
7589.PNG,1,train
974.PNG,0,train
9092.PNG,1,train
3282.PNG,1,train
7955.PNG,1,train
5168.PNG,0,train
2542.PNG,1,train
5210.PNG,0,train
317.PNG,0,train
414.PNG,0,train
7627.PNG,1,train
5834.PNG,0,train
8460.PNG,1,train
6562.PNG,0,train
6125.PNG,0,train
6884.PNG,0,train
3988.PNG,1,train
1408.PNG,0,train
4418.PNG,1,train
7174.PNG,0,train
5388.PNG,0,train
9408.PNG,1,train
8921.PNG,1,train
1885.PNG,0,train
7959.PNG,1,train
8882.PNG,1,train
2526.PNG,1,train
9597.PNG,1,train
4454.PNG,1,train
7953.PNG,1,train
6746.PNG,0,train
2196.PNG,1,train
6867.PNG,0,train
3631.PNG,1,train
7921.PNG,1,train
7702.PNG,1,train
1896.PNG,0,train
7662.PNG,1,train
7186.PNG,0,train
4497.PNG,1,train
5696.PNG,0,train
2475.PNG,1,train
3571.PNG,1,train
4185.PNG,1,train
3090.PNG,1,train
8592.PNG,1,train
1366.PNG,0,train
1869.PNG,0,train
6910.PNG,0,train
533.PNG,0,train
4576.PNG,1,train
561.PNG,0,train
6705.PNG,0,train
5883.PNG,0,train
4369.PNG,1,train
7885.PNG,1,train
2035.PNG,1,train
3615.PNG,1,train
1927.PNG,0,train
973.PNG,0,train
6171.PNG,0,train
198.PNG,0,train
9198.PNG,1,train
8576.PNG,1,train
6718.PNG,0,train
7656.PNG,1,train
1766.PNG,0,train
4775.PNG,1,train
7163.PNG,0,train
267.PNG,0,train
3052.PNG,1,train
5494.PNG,0,train
2149.PNG,1,train
8864.PNG,1,train
8930.PNG,1,train
5817.PNG,0,train
7577.PNG,1,train
5195.PNG,0,train
522.PNG,0,train
998.PNG,0,train
8635.PNG,1,train
3167.PNG,1,train
9741.PNG,1,train
8337.PNG,1,train
3254.PNG,1,train
9242.PNG,1,train
1302.PNG,0,train
4271.PNG,1,train
9222.PNG,1,train
4155.PNG,1,train
3209.PNG,1,train
5944.PNG,0,train
6918.PNG,0,train
3846.PNG,1,train
621.PNG,0,train
4558.PNG,1,train
7796.PNG,1,train
7237.PNG,0,train
743.PNG,0,train
7291.PNG,0,train
787.PNG,0,train
2680.PNG,1,train
111.PNG,0,train
4723.PNG,1,train
7248.PNG,0,train
9713.PNG,1,train
3858.PNG,1,train
2331.PNG,1,train
5227.PNG,0,train
3860.PNG,1,train
5480.PNG,0,train
3290.PNG,1,train
6535.PNG,0,train
5795.PNG,0,train
6513.PNG,0,train
5247.PNG,0,train
9041.PNG,1,train
8345.PNG,1,train
5564.PNG,0,train
5446.PNG,0,train
5643.PNG,0,train
7093.PNG,0,train
9625.PNG,1,train
5903.PNG,0,train
7563.PNG,1,train
4391.PNG,1,train
9486.PNG,1,train
8596.PNG,1,train
1443.PNG,0,train
3157.PNG,1,train
1633.PNG,0,train
8160.PNG,1,train
8098.PNG,1,train
5690.PNG,0,train
3266.PNG,1,train
5753.PNG,0,train
2130.PNG,1,train
2746.PNG,1,train
7895.PNG,1,train
4305.PNG,1,train
7136.PNG,0,train
7225.PNG,0,train
1646.PNG,0,train
2700.PNG,1,train
4325.PNG,1,train
1050.PNG,0,train
90.PNG,0,train
8777.PNG,1,train
431.PNG,0,train
2952.PNG,1,train
4371.PNG,1,train
5448.PNG,0,train
8128.PNG,1,train
9518.PNG,1,train
6512.PNG,0,train
1264.PNG,0,train
263.PNG,0,train
376.PNG,0,train
1841.PNG,0,train
8323.PNG,1,train
3812.PNG,1,train
8574.PNG,1,train
3215.PNG,1,train
1176.PNG,0,train
1216.PNG,0,train
678.PNG,0,train
1853.PNG,0,train
8793.PNG,1,train
1029.PNG,0,train
3543.PNG,1,train
5274.PNG,0,train
5877.PNG,0,train
9607.PNG,1,train
4588.PNG,1,train
7996.PNG,1,train
9464.PNG,1,train
8071.PNG,1,train
3127.PNG,1,train
469.PNG,0,train
5350.PNG,0,train
7883.PNG,1,train
509.PNG,0,train
7907.PNG,1,train
6770.PNG,0,train
4422.PNG,1,train
4251.PNG,1,train
2511.PNG,1,train
8991.PNG,1,train
9294.PNG,1,train
5639.PNG,0,train
6822.PNG,0,train
1893.PNG,0,train
5412.PNG,0,train
3121.PNG,1,train
6464.PNG,0,train
9613.PNG,1,train
7974.PNG,1,train
8957.PNG,1,train
1490.PNG,0,train
7091.PNG,0,train
9472.PNG,1,train
5440.PNG,0,train
8649.PNG,1,train
2100.PNG,1,train
1002.PNG,0,train
8073.PNG,1,train
3585.PNG,1,train
3103.PNG,1,train
3471.PNG,1,train
8050.PNG,1,train
1815.PNG,0,train
6006.PNG,0,train
4578.PNG,1,train
193.PNG,0,train
8200.PNG,1,train
271.PNG,0,train
8377.PNG,1,train
2178.PNG,1,train
343.PNG,0,train
4464.PNG,1,train
6645.PNG,0,train
4622.PNG,1,train
2603.PNG,1,train
7166.PNG,0,train
9468.PNG,1,train
6734.PNG,0,train
7731.PNG,1,train
5514.PNG,0,train
6855.PNG,0,train
3298.PNG,1,train
659.PNG,0,train
5522.PNG,0,train
7931.PNG,1,train
4315.PNG,1,train
4077.PNG,1,train
5214.PNG,0,train
4217.PNG,1,train
577.PNG,0,train
8721.PNG,1,train
6209.PNG,0,train
7824.PNG,1,train
6407.PNG,0,train
914.PNG,0,train
73.PNG,0,train
47.PNG,0,train
6248.PNG,0,train
1579.PNG,0,train
8250.PNG,1,train
6952.PNG,0,train
952.PNG,0,train
86.PNG,0,train
4335.PNG,1,train
3302.PNG,1,train
6728.PNG,0,train
6031.PNG,0,train
4327.PNG,1,train
6576.PNG,0,train
9212.PNG,1,train
1356.PNG,0,train
3871.PNG,1,train
9729.PNG,1,train
674.PNG,0,train
8641.PNG,1,train
3501.PNG,1,train
9466.PNG,1,train
5310.PNG,0,train
7800.PNG,1,train
928.PNG,0,train
6462.PNG,0,train
1934.PNG,0,train
3163.PNG,1,train
2345.PNG,1,train
7283.PNG,0,train
6131.PNG,0,train
7096.PNG,0,train
9704.PNG,1,train
4351.PNG,1,train
1125.PNG,0,train
8048.PNG,1,train
2702.PNG,1,train
8095.PNG,1,train
3477.PNG,1,train
6051.PNG,0,train
2878.PNG,1,train
382.PNG,0,train
7191.PNG,0,train
1859.PNG,0,train
2174.PNG,1,train
3531.PNG,1,train
3416.PNG,1,train
4175.PNG,1,train
2226.PNG,1,train
8482.PNG,1,train
8316.PNG,1,train
2393.PNG,1,train
792.PNG,0,train
2692.PNG,1,train
3537.PNG,1,train
4049.PNG,1,train
281.PNG,0,train
7205.PNG,0,train
7055.PNG,0,train
5239.PNG,0,train
1508.PNG,0,train
713.PNG,0,train
4608.PNG,1,train
8913.PNG,1,train
6956.PNG,0,train
8062.PNG,1,train
3856.PNG,1,train
2242.PNG,1,train
1335.PNG,0,train
856.PNG,0,train
1252.PNG,0,train
5418.PNG,0,train
8271.PNG,1,train
7258.PNG,0,train
3264.PNG,1,train
2597.PNG,1,train
1309.PNG,0,train
453.PNG,0,train
3559.PNG,1,train
4045.PNG,1,train
93.PNG,0,train
6583.PNG,0,train
9029.PNG,1,train
7117.PNG,0,train
4477.PNG,1,train
6756.PNG,0,train
2838.PNG,1,train
5193.PNG,0,train
3018.PNG,1,train
377.PNG,0,train
9581.PNG,1,train
5560.PNG,0,train
7754.PNG,1,train
8598.PNG,1,train
6607.PNG,0,train
2954.PNG,1,train
6049.PNG,0,train
3046.PNG,1,train
8347.PNG,1,train
9478.PNG,1,train
3429.PNG,1,train
2790.PNG,1,train
1720.PNG,0,train
3173.PNG,1,train
3239.PNG,1,train
2798.PNG,1,train
9456.PNG,1,train
1376.PNG,0,train
356.PNG,0,train
5546.PNG,0,train
9717.PNG,1,train
783.PNG,0,train
2541.PNG,1,train
4866.PNG,0,train
1987.PNG,1,train
1948.PNG,0,train
6929.PNG,0,train
2613.PNG,1,train
7292.PNG,0,train
1738.PNG,0,train
6417.PNG,0,train
6081.PNG,0,train
9506.PNG,1,train
6324.PNG,0,train
2453.PNG,1,train
8211.PNG,1,train
7307.PNG,0,train
3155.PNG,1,train
5243.PNG,0,train
1925.PNG,0,train
5378.PNG,0,train
7594.PNG,1,train
2631.PNG,1,train
4432.PNG,1,train
3175.PNG,1,train
6282.PNG,0,train
4099.PNG,1,train
9708.PNG,1,train
2090.PNG,1,train
6752.PNG,0,train
9023.PNG,1,train
8614.PNG,1,train
3685.PNG,1,train
8188.PNG,1,train
1142.PNG,0,train
3852.PNG,1,train
8715.PNG,1,train
6786.PNG,0,train
5520.PNG,0,train
8727.PNG,1,train
8060.PNG,1,train
3840.PNG,1,train
362.PNG,0,train
4235.PNG,1,train
2674.PNG,1,train
2471.PNG,1,train
2224.PNG,1,train
668.PNG,0,train
6996.PNG,0,train
1690.PNG,0,train
4694.PNG,1,train
7139.PNG,0,train
4678.PNG,1,train
4849.PNG,0,train
5574.PNG,0,train
8979.PNG,1,train
8016.PNG,1,train
6574.PNG,0,train
3769.PNG,1,train
8221.PNG,1,train
7274.PNG,0,train
7303.PNG,0,train
8292.PNG,1,train
4081.PNG,1,train
8594.PNG,1,train
8278.PNG,1,train
4505.PNG,1,train
7887.PNG,1,train
3102.PNG,1,train
4978.PNG,0,train
7810.PNG,1,train
807.PNG,0,train
8246.PNG,1,train
4552.PNG,1,train
3414.PNG,1,train
1256.PNG,0,train
9406.PNG,1,train
4530.PNG,1,train
5748.PNG,0,train
515.PNG,0,train
6710.PNG,0,train
5976.PNG,0,train
553.PNG,0,train
3721.PNG,1,train
3763.PNG,1,train
4777.PNG,1,train
8488.PNG,1,train
9006.PNG,1,train
8907.PNG,1,train
2758.PNG,1,train
5613.PNG,0,train
241.PNG,0,train
4430.PNG,1,train
2726.PNG,1,train
2556.PNG,1,train
898.PNG,0,train
197.PNG,0,train
2060.PNG,1,train
8546.PNG,1,train
9328.PNG,1,train
3124.PNG,1,train
7933.PNG,1,train
4616.PNG,1,train
5484.PNG,0,train
2029.PNG,1,train
5259.PNG,0,train
2473.PNG,1,train
9442.PNG,1,train
4495.PNG,1,train
6246.PNG,0,train
3161.PNG,1,train
2405.PNG,1,train
5532.PNG,0,train
7157.PNG,0,train
3880.PNG,1,train
4698.PNG,1,train
1160.PNG,0,train
7141.PNG,0,train
8703.PNG,1,train
1359.PNG,0,train
8336.PNG,1,train
8490.PNG,1,train
4501.PNG,1,train
1068.PNG,0,train
9214.PNG,1,train
5172.PNG,0,train
6533.PNG,0,train
3683.PNG,1,train
4181.PNG,1,train
3884.PNG,1,train
3076.PNG,1,train
8997.PNG,1,train
6123.PNG,0,train
4055.PNG,1,train
3581.PNG,1,train
2958.PNG,1,train
4820.PNG,1,train
1813.PNG,0,train
672.PNG,0,train
4676.PNG,1,train
483.PNG,0,train
2428.PNG,1,train
4203.PNG,1,train
7598.PNG,1,train
7774.PNG,1,train
6659.PNG,0,train
861.PNG,0,train
294.PNG,0,train
1639.PNG,0,train
2365.PNG,1,train
9035.PNG,1,train
978.PNG,0,train
731.PNG,0,train
6643.PNG,0,train
5869.PNG,0,train
8290.PNG,1,train
4560.PNG,1,train
958.PNG,0,train
8042.PNG,1,train
57.PNG,0,train
7270.PNG,0,train
6780.PNG,0,train
4761.PNG,1,train
9684.PNG,1,train
9362.PNG,1,train
9252.PNG,1,train
406.PNG,0,train
5734.PNG,0,train
9138.PNG,1,train
2414.PNG,1,train
5698.PNG,0,train
6244.PNG,0,train
2270.PNG,1,train
1250.PNG,0,train
8088.PNG,1,train
9047.PNG,1,train
5932.PNG,0,train
3695.PNG,1,train
8318.PNG,1,train
9262.PNG,1,train
2808.PNG,1,train
1760.PNG,0,train
7276.PNG,0,train
1682.PNG,0,train
6804.PNG,0,train
9120.PNG,1,train
2244.PNG,1,train
6368.PNG,0,train
4309.PNG,1,train
2654.PNG,1,train
6233.PNG,0,train
6095.PNG,0,train
499.PNG,0,train
8341.PNG,1,train
4876.PNG,0,train
4025.PNG,1,train
4319.PNG,1,train
7315.PNG,0,train
6857.PNG,0,train
2095.PNG,1,train
207.PNG,0,train
3558.PNG,1,train
9027.PNG,1,train
7782.PNG,1,train
3900.PNG,1,train
8689.PNG,1,train
1325.PNG,0,train
3193.PNG,1,train
9268.PNG,1,train
6468.PNG,0,train
7110.PNG,0,train
366.PNG,0,train
1421.PNG,0,train
8586.PNG,1,train
5813.PNG,0,train
327.PNG,0,train
5554.PNG,0,train
3655.PNG,1,train
2156.PNG,1,train
1911.PNG,0,train
7706.PNG,1,train
6195.PNG,0,train
7218.PNG,0,train
9364.PNG,1,train
6441.PNG,0,train
7992.PNG,1,train
1900.PNG,0,train
4116.PNG,1,train
2010.PNG,1,train
9635.PNG,1,train
4009.PNG,1,train
7567.PNG,1,train
5582.PNG,0,train
209.PNG,0,train
1164.PNG,0,train
7546.PNG,1,train
7553.PNG,1,train
7209.PNG,0,train
2994.PNG,1,train
2236.PNG,1,train
960.PNG,0,train
3936.PNG,1,train
2752.PNG,1,train
5466.PNG,0,train
4357.PNG,1,train
3619.PNG,1,train
6558.PNG,0,train
2501.PNG,1,train
4133.PNG,1,train
6794.PNG,0,train
82.PNG,0,train
6365.PNG,0,train
5715.PNG,0,train
8739.PNG,1,train
3479.PNG,1,train
1950.PNG,0,train
5781.PNG,0,train
2864.PNG,1,train
4526.PNG,1,train
6906.PNG,0,train
3444.PNG,1,train
4528.PNG,1,train
3669.PNG,1,train
1473.PNG,0,train
551.PNG,0,train
8004.PNG,1,train
4546.PNG,1,train
9188.PNG,1,train
1486.PNG,0,train
5627.PNG,0,train
2280.PNG,1,train
144.PNG,0,train
9358.PNG,1,train
9366.PNG,1,train
1058.PNG,0,train
3578.PNG,1,train
9426.PNG,1,train
5832.PNG,0,train
221.PNG,0,train
2776.PNG,1,train
6653.PNG,0,train
6099.PNG,0,train
980.PNG,0,train
3187.PNG,1,train
951.PNG,0,train
8058.PNG,1,train
9158.PNG,1,train
2668.PNG,1,train
5666.PNG,0,train
3597.PNG,1,train
78.PNG,0,train
1617.PNG,0,train
4650.PNG,1,train
2546.PNG,1,train
7818.PNG,1,train
9292.PNG,1,train
8699.PNG,1,train
9280.PNG,1,train
5645.PNG,0,train
8353.PNG,1,train
6.PNG,0,train
1837.PNG,0,train
1072.PNG,0,train
9051.PNG,1,train
3782.PNG,1,train
9320.PNG,1,train
7065.PNG,0,train
4383.PNG,1,train
7246.PNG,0,train
7660.PNG,1,train
2742.PNG,1,train
9081.PNG,1,train
8260.PNG,1,train
9446.PNG,1,train
3450.PNG,1,train
5251.PNG,0,train
4071.PNG,1,train
2846.PNG,1,train
1997.PNG,1,train
3099.PNG,1,train
6332.PNG,0,train
3527.PNG,1,train
5918.PNG,0,train
9404.PNG,1,train
1543.PNG,0,train
7764.PNG,1,train
8518.PNG,1,train
2528.PNG,1,train
7875.PNG,1,train
1273.PNG,0,train
7199.PNG,0,train
3723.PNG,1,train
497.PNG,0,train
3219.PNG,1,train
5972.PNG,0,train
5601.PNG,0,train
7575.PNG,1,train
137.PNG,0,train
8925.PNG,1,train
1132.PNG,0,train
404.PNG,0,train
8367.PNG,1,train
5218.PNG,0,train
8895.PNG,1,train
821.PNG,0,train
3971.PNG,1,train
6278.PNG,0,train
133.PNG,0,train
7057.PNG,0,train
325.PNG,0,train
307.PNG,0,train
767.PNG,0,train
1496.PNG,0,train
7682.PNG,1,train
7227.PNG,0,train
823.PNG,0,train
3030.PNG,1,train
4727.PNG,1,train
8578.PNG,1,train
9452.PNG,1,train
3434.PNG,1,train
4263.PNG,1,train
2200.PNG,1,train
5558.PNG,0,train
6556.PNG,0,train
6331.PNG,0,train
6443.PNG,0,train
4051.PNG,1,train
7939.PNG,1,train
6306.PNG,0,train
9460.PNG,1,train
8981.PNG,1,train
2780.PNG,1,train
4864.PNG,0,train
4503.PNG,1,train
3288.PNG,1,train
6227.PNG,0,train
3151.PNG,1,train
9492.PNG,1,train
4598.PNG,1,train
7891.PNG,1,train
6338.PNG,0,train
8528.PNG,1,train
5981.PNG,0,train
535.PNG,0,train
541.PNG,0,train
3171.PNG,1,train
627.PNG,0,train
5840.PNG,0,train
6163.PNG,0,train
7051.PNG,0,train
9694.PNG,1,train
1560.PNG,0,train
3653.PNG,1,train
7746.PNG,1,train
3360.PNG,1,train
8414.PNG,1,train
7215.PNG,0,train
583.PNG,0,train
374.PNG,0,train
3664.PNG,1,train
3482.PNG,1,train
2092.PNG,1,train
2640.PNG,1,train
2709.PNG,1,train
7780.PNG,1,train
3235.PNG,1,train
1040.PNG,0,train
4540.PNG,1,train
9763.PNG,1,train
3292.PNG,1,train
9454.PNG,1,train
4131.PNG,1,train
9122.PNG,1,train
7722.PNG,1,train
3780.PNG,1,train
5742.PNG,0,train
3934.PNG,1,train
8661.PNG,1,train
8936.PNG,1,train
7011.PNG,0,train
1585.PNG,0,train
5761.PNG,0,train
8118.PNG,1,train
5811.PNG,0,train
2762.PNG,1,train
3978.PNG,1,train
9731.PNG,1,train
3832.PNG,1,train
6954.PNG,0,train
1482.PNG,0,train
3761.PNG,1,train
2234.PNG,1,train
5450.PNG,0,train
3080.PNG,1,train
7840.PNG,1,train
3262.PNG,1,train
3376.PNG,1,train
155.PNG,0,train
3183.PNG,1,train
6893.PNG,0,train
3929.PNG,1,train
3765.PNG,1,train
1210.PNG,0,train
4544.PNG,1,train
4406.PNG,1,train
8054.PNG,1,train
5967.PNG,0,train
117.PNG,0,train
9274.PNG,1,train
966.PNG,0,train
9356.PNG,1,train
8227.PNG,1,train
2520.PNG,1,train
4773.PNG,1,train
5162.PNG,0,train
3725.PNG,1,train
3404.PNG,1,train
2426.PNG,1,train
370.PNG,0,train
9603.PNG,1,train
2124.PNG,1,train
6456.PNG,0,train
3113.PNG,1,train
6133.PNG,0,train
7790.PNG,1,train
1551.PNG,0,train
7720.PNG,1,train
8713.PNG,1,train
9564.PNG,1,train
7698.PNG,1,train
4063.PNG,1,train
3252.PNG,1,train
1122.PNG,0,train
4785.PNG,1,train
1492.PNG,0,train
1181.PNG,0,train
4793.PNG,1,train
8765.PNG,1,train
6183.PNG,0,train
5428.PNG,0,train
7929.PNG,1,train
4574.PNG,1,train
7893.PNG,1,train
8207.PNG,1,train
8214.PNG,1,train
4135.PNG,1,train
4245.PNG,1,train
7259.PNG,0,train
6863.PNG,0,train
1849.PNG,0,train
353.PNG,0,train
2812.PNG,1,train
609.PNG,0,train
4341.PNG,1,train
5895.PNG,0,train
3679.PNG,1,train
6836.PNG,0,train
2467.PNG,1,train
2403.PNG,1,train
5556.PNG,0,train
3961.PNG,1,train
6295.PNG,0,train
9660.PNG,1,train
5609.PNG,0,train
684.PNG,0,train
6225.PNG,0,train
4564.PNG,1,train
2213.PNG,1,train
4021.PNG,1,train
186.PNG,0,train
9208.PNG,1,train
3555.PNG,1,train
3358.PNG,1,train
1670.PNG,0,train
2534.PNG,1,train
4400.PNG,1,train
6713.PNG,0,train
8717.PNG,1,train
3378.PNG,1,train
6119.PNG,0,train
7075.PNG,0,train
747.PNG,0,train
6014.PNG,0,train
2176.PNG,1,train
1382.PNG,0,train
100.PNG,0,train
2362.PNG,1,train
7254.PNG,0,train
5910.PNG,0,train
2375.PNG,1,train
6322.PNG,0,train
4205.PNG,1,train
1020.PNG,0,train
2782.PNG,1,train
6297.PNG,0,train
5969.PNG,0,train
3338.PNG,1,train
1333.PNG,0,train
777.PNG,0,train
6010.PNG,0,train
3020.PNG,1,train
5394.PNG,0,train
2513.PNG,1,train
3334.PNG,1,train
9488.PNG,1,train
529.PNG,0,train
6635.PNG,0,train
6800.PNG,0,train
866.PNG,0,train
2712.PNG,1,train
6059.PNG,0,train
6495.PNG,0,train
794.PNG,0,train
8494.PNG,1,train
1331.PNG,0,train
4087.PNG,1,train
1905.PNG,0,train
6776.PNG,0,train
6217.PNG,0,train
4568.PNG,1,train
1839.PNG,0,train
4007.PNG,1,train
9134.PNG,1,train
5426.PNG,0,train
2204.PNG,1,train
9619.PNG,1,train
9338.PNG,1,train
1615.PNG,0,train
4822.PNG,1,train
5366.PNG,0,train
2191.PNG,1,train
892.PNG,0,train
8162.PNG,1,train
4412.PNG,1,train
5651.PNG,0,train
6525.PNG,0,train
5680.PNG,0,train
3237.PNG,1,train
9010.PNG,1,train
4828.PNG,1,train
7197.PNG,0,train
5170.PNG,0,train
567.PNG,0,train
4321.PNG,1,train
722.PNG,0,train
8560.PNG,1,train
3004.PNG,1,train
8667.PNG,1,train
1851.PNG,0,train
4367.PNG,1,train
6788.PNG,0,train
8769.PNG,1,train
829.PNG,0,train
8856.PNG,1,train
5769.PNG,0,train
5924.PNG,0,train
2756.PNG,1,train
1082.PNG,0,train
4869.PNG,0,train
4570.PNG,1,train
4536.PNG,1,train
428.PNG,0,train
6896.PNG,0,train
4660.PNG,1,train
7792.PNG,1,train
1744.PNG,0,train
2538.PNG,1,train
3107.PNG,1,train
3342.PNG,1,train
764.PNG,0,train
5526.PNG,0,train
1386.PNG,0,train
7120.PNG,0,train
3888.PNG,1,train
3717.PNG,1,train
986.PNG,0,train
4363.PNG,1,train
4303.PNG,1,train
8094.PNG,1,train
5490.PNG,0,train
5420.PNG,0,train
8444.PNG,1,train
461.PNG,0,train
870.PNG,0,train
7919.PNG,1,train
7639.PNG,1,train
4644.PNG,1,train
4276.PNG,1,train
8580.PNG,1,train
4287.PNG,1,train
2672.PNG,1,train
9400.PNG,1,train
557.PNG,0,train
1557.PNG,0,train
9432.PNG,1,train
3392.PNG,1,train
8807.PNG,1,train
3165.PNG,1,train
2434.PNG,1,train
1607.PNG,0,train
8440.PNG,1,train
4680.PNG,1,train
2848.PNG,1,train
7998.PNG,1,train
9258.PNG,1,train
7116.PNG,0,train
1126.PNG,0,train
1770.PNG,0,train
7581.PNG,1,train
8707.PNG,1,train
615.PNG,0,train
1388.PNG,0,train
7604.PNG,1,train
2008.PNG,1,train
1445.PNG,0,train
5670.PNG,0,train
3805.PNG,1,train
5730.PNG,0,train
6750.PNG,0,train
4157.PNG,1,train
4261.PNG,1,train
1694.PNG,0,train
2430.PNG,1,train
6020.PNG,0,train
6523.PNG,0,train
8983.PNG,1,train
6840.PNG,0,train
1434.PNG,0,train
1074.PNG,0,train
4404.PNG,1,train
4307.PNG,1,train
5621.PNG,0,train
9220.PNG,1,train
8209.PNG,1,train
3627.PNG,1,train
7261.PNG,0,train
9702.PNG,1,train
4656.PNG,1,train
3364.PNG,1,train
5838.PNG,0,train
8258.PNG,1,train
3082.PNG,1,train
9611.PNG,1,train
4710.PNG,1,train
7138.PNG,0,train
7162.PNG,0,train
3356.PNG,1,train
4592.PNG,1,train
94.PNG,0,train
479.PNG,0,train
8757.PNG,1,train
4061.PNG,1,train
4718.PNG,1,train
843.PNG,0,train
6425.PNG,0,train
2722.PNG,1,train
9757.PNG,1,train
2241.PNG,1,train
4197.PNG,1,train
6903.PNG,0,train
1196.PNG,0,train
3461.PNG,1,train
8056.PNG,1,train
2942.PNG,1,train
8827.PNG,1,train
9202.PNG,1,train
9164.PNG,1,train
4690.PNG,1,train
6697.PNG,0,train
4043.PNG,1,train
6927.PNG,0,train
1134.PNG,0,train
6684.PNG,0,train
1625.PNG,0,train
2373.PNG,1,train
6439.PNG,0,train
5263.PNG,0,train
459.PNG,0,train
8269.PNG,1,train
3991.PNG,1,train
8719.PNG,1,train
6760.PNG,0,train
2716.PNG,1,train
4123.PNG,1,train
686.PNG,0,train
1419.PNG,0,train
9146.PNG,1,train
2800.PNG,1,train
6509.PNG,0,train
8325.PNG,1,train
1653.PNG,0,train
5930.PNG,0,train
8266.PNG,1,train
5424.PNG,0,train
5518.PNG,0,train
487.PNG,0,train
2495.PNG,1,train
5842.PNG,0,train
9152.PNG,1,train
3115.PNG,1,train
4385.PNG,1,train
279.PNG,0,train
2830.PNG,1,train
4442.PNG,1,train
5376.PNG,0,train
3950.PNG,1,train
876.PNG,0,train
1686.PNG,0,train
6898.PNG,0,train
9646.PNG,1,train
4920.PNG,0,train
5797.PNG,0,train
7666.PNG,1,train
1704.PNG,0,train
2111.PNG,1,train
4638.PNG,1,train
2784.PNG,1,train
3105.PNG,1,train
8361.PNG,1,train
1526.PNG,0,train
8484.PNG,1,train
2920.PNG,1,train
6274.PNG,0,train
682.PNG,0,train
9678.PNG,1,train
968.PNG,0,train
6476.PNG,0,train
1031.PNG,0,train
255.PNG,0,train
1538.PNG,0,train
6129.PNG,0,train
888.PNG,0,train
1932.PNG,0,train
1372.PNG,0,train
8124.PNG,1,train
4414.PNG,1,train
7171.PNG,0,train
1311.PNG,0,train
8044.PNG,1,train
4379.PNG,1,train
3794.PNG,1,train
3463.PNG,1,train
2397.PNG,1,train
6628.PNG,0,train
5672.PNG,0,train
2806.PNG,1,train
7784.PNG,1,train
779.PNG,0,train
1892.PNG,0,train
3394.PNG,1,train
9308.PNG,1,train
4019.PNG,1,train
6380.PNG,0,train
7319.PNG,0,train
6657.PNG,0,train
2664.PNG,1,train
6371.PNG,0,train
5998.PNG,0,train
2493.PNG,1,train
7071.PNG,0,train
1921.PNG,0,train
1306.PNG,0,train
611.PNG,0,train
5988.PNG,0,train
930.PNG,0,train
2459.PNG,1,train
275.PNG,0,train
1158.PNG,0,train
171.PNG,0,train
8476.PNG,1,train
346.PNG,0,train
9350.PNG,1,train
666.PNG,0,train
5658.PNG,0,train
3838.PNG,1,train
938.PNG,0,train
9524.PNG,1,train
5496.PNG,0,train
1963.PNG,1,train
2796.PNG,1,train
9234.PNG,1,train
8909.PNG,1,train
2993.PNG,1,train
6169.PNG,0,train
2163.PNG,1,train
8813.PNG,1,train
3012.PNG,1,train
6219.PNG,0,train
2388.PNG,1,train
2152.PNG,1,train
1380.PNG,0,train
7854.PNG,1,train
8862.PNG,1,train
4958.PNG,0,train
2997.PNG,1,train
7175.PNG,0,train
1575.PNG,0,train
4604.PNG,1,train
6239.PNG,0,train
1609.PNG,0,train
8767.PNG,1,train
3489.PNG,1,train
6740.PNG,0,train
693.PNG,0,train
5668.PNG,0,train
8961.PNG,1,train
511.PNG,0,train
1228.PNG,0,train
7040.PNG,0,train
8604.PNG,1,train
6077.PNG,0,train
3979.PNG,1,train
2383.PNG,1,train
5472.PNG,0,train
8512.PNG,1,train
5265.PNG,0,train
9290.PNG,1,train
7704.PNG,1,train
9013.PNG,1,train
9568.PNG,1,train
7962.PNG,1,train
8134.PNG,1,train
2170.PNG,1,train
6350.PNG,0,train
6023.PNG,0,train
3201.PNG,1,train
2274.PNG,1,train
5204.PNG,0,train
3406.PNG,1,train
5179.PNG,0,train
2252.PNG,1,train
8510.PNG,1,train
4911.PNG,0,train
8322.PNG,1,train
4191.PNG,1,train
1583.PNG,0,train
5267.PNG,0,train
316.PNG,0,train
7879.PNG,1,train
1863.PNG,0,train
8018.PNG,1,train
8969.PNG,1,train
2908.PNG,1,train
7629.PNG,1,train
9474.PNG,1,train
9572.PNG,1,train
3892.PNG,1,train
2860.PNG,1,train
2447.PNG,1,train
9536.PNG,1,train
1080.PNG,0,train
4121.PNG,1,train
3747.PNG,1,train
4737.PNG,1,train
5460.PNG,0,train
1283.PNG,0,train
2804.PNG,1,train
5516.PNG,0,train
4354.PNG,1,train
9390.PNG,1,train
7211.PNG,0,train
733.PNG,0,train
5229.PNG,0,train
2436.PNG,1,train
2984.PNG,1,train
719.PNG,0,train
6613.PNG,0,train
8928.PNG,1,train
9546.PNG,1,train
7043.PNG,0,train
3874.PNG,1,train
4225.PNG,1,train
9739.PNG,1,train
837.PNG,0,train
8498.PNG,1,train
7980.PNG,1,train
4355.PNG,1,train
6107.PNG,0,train
5586.PNG,0,train
6547.PNG,0,train
9735.PNG,1,train
4460.PNG,1,train
1855.PNG,0,train
7216.PNG,0,train
1762.PNG,0,train
3452.PNG,1,train
5914.PNG,0,train
345.PNG,0,train
1056.PNG,0,train
1702.PNG,0,train
51.PNG,0,train
565.PNG,0,train
8795.PNG,1,train
9743.PNG,1,train
3563.PNG,1,train
9110.PNG,1,train
6159.PNG,0,train
3651.PNG,1,train
6057.PNG,0,train
5787.PNG,0,train
6359.PNG,0,train
7152.PNG,0,train
4173.PNG,1,train
1004.PNG,0,train
623.PNG,0,train
8558.PNG,1,train
7806.PNG,1,train
81.PNG,0,train
289.PNG,0,train
8942.PNG,1,train
1754.PNG,0,train
2.PNG,0,train
157.PNG,0,train
878.PNG,0,train
1756.PNG,0,train
7073.PNG,0,train
1277.PNG,0,train
9424.PNG,1,train
1124.PNG,0,train
2083.PNG,1,train
6611.PNG,0,train
4027.PNG,1,train
7951.PNG,1,train
2320.PNG,1,train
3111.PNG,1,train
2826.PNG,1,train
2337.PNG,1,train
153.PNG,0,train
4416.PNG,1,train
1282.PNG,0,train
4700.PNG,1,train
5704.PNG,0,train
9615.PNG,1,train
2530.PNG,1,train
4808.PNG,1,train
9085.PNG,1,train
3536.PNG,1,train
1641.PNG,0,train
3517.PNG,1,train
2621.PNG,1,train
8418.PNG,1,train
9682.PNG,1,train
3511.PNG,1,train
1220.PNG,0,train
7549.PNG,1,train
8458.PNG,1,train
1268.PNG,0,train
7984.PNG,1,train
1202.PNG,0,train
4125.PNG,1,train
6065.PNG,0,train
8588.PNG,1,train
2601.PNG,1,train
2509.PNG,1,train
2098.PNG,1,train
5442.PNG,0,train
2481.PNG,1,train
9246.PNG,1,train
5550.PNG,0,train
1413.PNG,0,train
3898.PNG,1,train
5356.PNG,0,train
6541.PNG,0,train
4818.PNG,1,train
8192.PNG,1,train
8108.PNG,1,train
1587.PNG,0,train
9185.PNG,1,train
8464.PNG,1,train
8737.PNG,1,train
597.PNG,0,train
251.PNG,0,train
1451.PNG,0,train
8781.PNG,1,train
3328.PNG,1,train
5478.PNG,0,train
3179.PNG,1,train
4452.PNG,1,train
8069.PNG,1,train
287.PNG,0,train
7208.PNG,0,train
9498.PNG,1,train
1480.PNG,0,train
9004.PNG,1,train
8420.PNG,1,train
3681.PNG,1,train
5736.PNG,0,train
1994.PNG,1,train
9650.PNG,1,train
2930.PNG,1,train
8657.PNG,1,train
8949.PNG,1,train
2977.PNG,1,train
8685.PNG,1,train
6364.PNG,0,train
8148.PNG,1,train
4550.PNG,1,train
7296.PNG,0,train
7966.PNG,1,train
4301.PNG,1,train
2978.PNG,1,train
6572.PNG,0,train
4193.PNG,1,train
8144.PNG,1,train
1184.PNG,0,train
8234.PNG,1,train
8647.PNG,1,train
3205.PNG,1,train
6521.PNG,0,train
680.PNG,0,train
6592.PNG,0,train
4313.PNG,1,train
1774.PNG,0,train
8755.PNG,1,train
6570.PNG,0,train
337.PNG,0,train
6397.PNG,0,train
9059.PNG,1,train
6141.PNG,0,train
4781.PNG,1,train
3985.PNG,1,train
5740.PNG,0,train
1956.PNG,0,train
2235.PNG,1,train
4672.PNG,1,train
1883.PNG,0,train
2581.PNG,1,train
6449.PNG,0,train
7087.PNG,0,train
331.PNG,0,train
233.PNG,0,train
3061.PNG,1,train
9480.PNG,1,train
8244.PNG,1,train
525.PNG,0,train
7812.PNG,1,train
2568.PNG,1,train
8645.PNG,1,train
4802.PNG,1,train
835.PNG,0,train
962.PNG,0,train
2418.PNG,1,train
8030.PNG,1,train
8817.PNG,1,train
8432.PNG,1,train
3989.PNG,1,train
9532.PNG,1,train
3229.PNG,1,train
8104.PNG,1,train
7970.PNG,1,train
8156.PNG,1,train
545.PNG,0,train
1572.PNG,0,train
1627.PNG,0,train
7623.PNG,1,train
113.PNG,0,train
6843.PNG,0,train
4493.PNG,1,train
3830.PNG,1,train
7608.PNG,1,train
5261.PNG,0,train
6111.PNG,0,train
6736.PNG,0,train
6487.PNG,0,train
9605.PNG,1,train
6018.PNG,0,train
4091.PNG,1,train
2599.PNG,1,train
471.PNG,0,train
5767.PNG,0,train
5235.PNG,0,train
6105.PNG,0,train
3545.PNG,1,train
2605.PNG,1,train
5488.PNG,0,train
3625.PNG,1,train
1992.PNG,1,train
6482.PNG,0,train
1238.PNG,0,train
9244.PNG,1,train
2018.PNG,1,train
4237.PNG,1,train
6873.PNG,0,train
8205.PNG,1,train
2215.PNG,1,train
6399.PNG,0,train
2922.PNG,1,train
3250.PNG,1,train
649.PNG,0,train
244.PNG,0,train
1295.PNG,0,train
8373.PNG,1,train
3000.PNG,1,train
528.PNG,0,train
3589.PNG,1,train
2395.PNG,1,train
6630.PNG,0,train
1940.PNG,0,train
4029.PNG,1,train
2172.PNG,1,train
5960.PNG,0,train
5430.PNG,0,train
3388.PNG,1,train
827.PNG,0,train
5765.PNG,0,train
5889.PNG,0,train
4112.PNG,1,train
5304.PNG,0,train
260.PNG,0,train
1038.PNG,0,train
730.PNG,0,train
4626.PNG,1,train
5844.PNG,0,train
9516.PNG,1,train
2068.PNG,1,train
1200.PNG,0,train
9668.PNG,1,train
1329.PNG,0,train
5444.PNG,0,train
1432.PNG,0,train
231.PNG,0,train
3197.PNG,1,train
9721.PNG,1,train
5294.PNG,0,train
1589.PNG,0,train
7816.PNG,1,train
884.PNG,0,train
3418.PNG,1,train
5147.PNG,0,train
7146.PNG,0,train
8606.PNG,1,train
5785.PNG,0,train
4269.PNG,1,train
3352.PNG,1,train
2316.PNG,1,train
8868.PNG,1,train
6527.PNG,0,train
3673.PNG,1,train
5306.PNG,0,train
8840.PNG,1,train
6207.PNG,0,train
3362.PNG,1,train
7619.PNG,1,train
4143.PNG,1,train
8408.PNG,1,train
1978.PNG,1,train
2268.PNG,1,train
311.PNG,0,train
6256.PNG,0,train
4791.PNG,1,train
59.PNG,0,train
5912.PNG,0,train
3211.PNG,1,train
1415.PNG,0,train
6083.PNG,0,train
6173.PNG,0,train
4628.PNG,1,train
299.PNG,0,train
3086.PNG,1,train
4491.PNG,1,train
1248.PNG,0,train
7968.PNG,1,train
5875.PNG,0,train
5757.PNG,0,train
4472.PNG,1,train
806.PNG,0,train
2886.PNG,1,train
4106.PNG,1,train
7899.PNG,1,train
7870.PNG,1,train
8542.PNG,1,train
45.PNG,0,train
5257.PNG,0,train
579.PNG,0,train
1104.PNG,0,train
3790.PNG,1,train
4227.PNG,1,train
6507.PNG,0,train
1339.PNG,0,train
1236.PNG,0,train
7633.PNG,1,train
1982.PNG,1,train
8903.PNG,1,train
5454.PNG,0,train
6221.PNG,0,train
5708.PNG,0,train
8791.PNG,1,train
4824.PNG,1,train
53.PNG,0,train
1026.PNG,0,train
3844.PNG,1,train
9680.PNG,1,train
2862.PNG,1,train
4295.PNG,1,train
3390.PNG,1,train
8838.PNG,1,train
5410.PNG,0,train
8923.PNG,1,train
4015.PNG,1,train
2359.PNG,1,train
9298.PNG,1,train
7596.PNG,1,train
6261.PNG,0,train
5358.PNG,0,train
6478.PNG,0,train
1536.PNG,0,train
1677.PNG,0,train
8651.PNG,1,train
8242.PNG,1,train
5963.PNG,0,train
7204.PNG,0,train
3850.PNG,1,train
6308.PNG,0,train
9352.PNG,1,train
3243.PNG,1,train
645.PNG,0,train
2926.PNG,1,train
9124.PNG,1,train
8254.PNG,1,train
6161.PNG,0,train
5280.PNG,0,train
3922.PNG,1,train
1150.PNG,0,train
9132.PNG,1,train
7711.PNG,1,train
2560.PNG,1,train
273.PNG,0,train
2127.PNG,1,train
364.PNG,0,train
2900.PNG,1,train
8854.PNG,1,train
1438.PNG,0,train
3623.PNG,1,train
7252.PNG,0,train
2670.PNG,1,train
7838.PNG,1,train
3348.PNG,1,train
1224.PNG,0,train
8480.PNG,1,train
3508.PNG,1,train
9562.PNG,1,train
8286.PNG,1,train
8006.PNG,1,train
3016.PNG,1,train
8307.PNG,1,train
7600.PNG,1,train
2075.PNG,1,train
8404.PNG,1,train
9170.PNG,1,train
1946.PNG,0,train
189.PNG,0,train
8725.PNG,1,train
4907.PNG,0,train
531.PNG,0,train
7271.PNG,0,train
8236.PNG,1,train
333.PNG,0,train
3258.PNG,1,train
2260.PNG,1,train
147.PNG,0,train
7233.PNG,0,train
5222.PNG,0,train
1972.PNG,1,train
1819.PNG,0,train
3274.PNG,1,train
4389.PNG,1,train
9196.PNG,1,train
771.PNG,0,train
3963.PNG,1,train
9324.PNG,1,train
6485.PNG,0,train
6834.PNG,0,train
7670.PNG,1,train
4872.PNG,0,train
1726.PNG,0,train
8888.PNG,1,train
1285.PNG,0,train
7267.PNG,0,train
1928.PNG,0,train
1714.PNG,0,train
1692.PNG,0,train
8582.PNG,1,train
4783.PNG,1,train
2617.PNG,1,train
705.PNG,0,train
8522.PNG,1,train
2518.PNG,1,train
707.PNG,0,train
9692.PNG,1,train
7982.PNG,1,train
1696.PNG,0,train
6778.PNG,0,train
8691.PNG,1,train
9482.PNG,1,train
4037.PNG,1,train
3246.PNG,1,train
3436.PNG,1,train
1034.PNG,0,train
1144.PNG,0,train
6423.PNG,0,train
8327.PNG,1,train
825.PNG,0,train
4104.PNG,1,train
1426.PNG,0,train
7941.PNG,1,train
495.PNG,0,train
2913.PNG,1,train
1296.PNG,0,train
1897.PNG,0,train
2289.PNG,1,train
4658.PNG,1,train
3034.PNG,1,train
3249.PNG,1,train
4654.PNG,1,train
7067.PNG,0,train
6973.PNG,0,train
3296.PNG,1,train
8275.PNG,1,train
3380.PNG,1,train
7102.PNG,0,train
4520.PNG,1,train
161.PNG,0,train
6273.PNG,0,train
1792.PNG,0,train
3473.PNG,1,train
932.PNG,0,train
5545.PNG,0,train
7862.PNG,1,train
3256.PNG,1,train
5200.PNG,0,train
7766.PNG,1,train
8077.PNG,1,train
1764.PNG,0,train
8534.PNG,1,train
109.PNG,0,train
9711.PNG,1,train
8365.PNG,1,train
424.PNG,0,train
8219.PNG,1,train
8231.PNG,1,train
3432.PNG,1,train
2587.PNG,1,train
2147.PNG,1,train
2455.PNG,1,train
6145.PNG,0,train
9156.PNG,1,train
237.PNG,0,train
8081.PNG,1,train
9238.PNG,1,train
7672.PNG,1,train
7264.PNG,0,train
5647.PNG,0,train
9112.PNG,1,train
5434.PNG,0,train
4267.PNG,1,train
6376.PNG,0,train
8504.PNG,1,train
1484.PNG,0,train
5380.PNG,0,train
3448.PNG,1,train
2684.PNG,1,train
8787.PNG,1,train
358.PNG,0,train
6008.PNG,0,train
398.PNG,0,train
3667.PNG,1,train
5044.PNG,0,train
9746.PNG,1,train
96.PNG,0,train
9440.PNG,1,train
6568.PNG,0,train
2355.PNG,1,train
8956.PNG,1,train
5530.PNG,0,train
5866.PNG,0,train
7338.PNG,0,train
9639.PNG,1,train
301.PNG,0,train
5374.PNG,0,train
860.PNG,0,train
1186.PNG,0,train
6330.PNG,0,train
2566.PNG,1,train
8146.PNG,1,train
195.PNG,0,train
7585.PNG,1,train
5591.PNG,0,train
4961.PNG,0,train
4662.PNG,1,train
9326.PNG,1,train
6454.PNG,0,train
449.PNG,0,train
886.PNG,0,train
3552.PNG,1,train
3854.PNG,1,train
7200.PNG,0,train
5686.PNG,0,train
7762.PNG,1,train
6766.PNG,0,train
5738.PNG,0,train
5759.PNG,0,train
3491.PNG,1,train
8450.PNG,1,train
439.PNG,0,train
8168.PNG,1,train
984.PNG,0,train
6431.PNG,0,train
785.PNG,0,train
3749.PNG,1,train
9719.PNG,1,train
3430.PNG,1,train
2628.PNG,1,train
6796.PNG,0,train
970.PNG,0,train
5282.PNG,0,train
2324.PNG,1,train
1532.PNG,0,train
6758.PNG,0,train
2591.PNG,1,train
7750.PNG,1,train
3153.PNG,1,train
7085.PNG,0,train
523.PNG,0,train
9566.PNG,1,train
2272.PNG,1,train
2966.PNG,1,train
6587.PNG,0,train
9422.PNG,1,train
229.PNG,0,train
5436.PNG,0,train
2246.PNG,1,train
543.PNG,0,train
9192.PNG,1,train
4409.PNG,1,train
1044.PNG,0,train
2096.PNG,1,train
4888.PNG,0,train
1919.PNG,0,train
8329.PNG,1,train
3882.PNG,1,train
9617.PNG,1,train
3601.PNG,1,train
601.PNG,0,train
1786.PNG,0,train
3759.PNG,1,train
8711.PNG,1,train
5233.PNG,0,train
699.PNG,0,train
3533.PNG,1,train
7281.PNG,0,train
9025.PNG,1,train
2662.PNG,1,train
6284.PNG,0,train
3733.PNG,1,train
418.PNG,0,train
5300.PNG,0,train
3321.PNG,1,train
3944.PNG,1,train
6935.PNG,0,train
6553.PNG,0,train
4444.PNG,1,train
709.PNG,0,train
7183.PNG,0,train
6201.PNG,0,train
2119.PNG,1,train
2202.PNG,1,train
4159.PNG,1,train
5326.PNG,0,train
9118.PNG,1,train
1289.PNG,0,train
2648.PNG,1,train
2854.PNG,1,train
507.PNG,0,train
3024.PNG,1,train
1502.PNG,0,train
4253.PNG,1,train
1613.PNG,0,train
4017.PNG,1,train
9224.PNG,1,train
9538.PNG,1,train
3068.PNG,1,train
7646.PNG,1,train
3185.PNG,1,train
1514.PNG,0,train
84.PNG,0,train
34.PNG,0,train
7021.PNG,0,train
3878.PNG,1,train
1801.PNG,0,train
1730.PNG,0,train
1232.PNG,0,train
3890.PNG,1,train
1647.PNG,0,train
3233.PNG,1,train
6433.PNG,0,train
8034.PNG,1,train
7611.PNG,1,train
6596.PNG,0,train
7964.PNG,1,train
5718.PNG,0,train
9676.PNG,1,train
6071.PNG,0,train
6499.PNG,0,train
9528.PNG,1,train
1500.PNG,0,train
3440.PNG,1,train
5634.PNG,0,train
5320.PNG,0,train
2933.PNG,1,train
5637.PNG,0,train
5783.PNG,0,train
697.PNG,0,train
3366.PNG,1,train
4428.PNG,1,train
559.PNG,0,train
6334.PNG,0,train
8890.PNG,1,train
5854.PNG,0,train
1530.PNG,0,train
402.PNG,0,train
6372.PNG,0,train
4706.PNG,1,train
3495.PNG,1,train
7988.PNG,1,train
3745.PNG,1,train
8965.PNG,1,train
7852.PNG,1,train
3969.PNG,1,train
6655.PNG,0,train
445.PNG,0,train
7013.PNG,0,train
9402.PNG,1,train
3054.PNG,1,train
3006.PNG,1,train
5946.PNG,0,train
3260.PNG,1,train
9500.PNG,1,train
1226.PNG,0,train
1110.PNG,0,train
3400.PNG,1,train
1573.PNG,0,train
946.PNG,0,train
1291.PNG,0,train
6419.PNG,0,train
8975.PNG,1,train
1212.PNG,0,train
8852.PNG,1,train
5958.PNG,0,train
5773.PNG,0,train
4755.PNG,1,train
4023.PNG,1,train
1054.PNG,0,train
3607.PNG,1,train
5848.PNG,0,train
8462.PNG,1,train
8256.PNG,1,train
7336.PNG,0,train
1977.PNG,1,train
103.PNG,0,train
7322.PNG,0,train
3225.PNG,1,train
2182.PNG,1,train
4538.PNG,1,train
2194.PNG,1,train
8825.PNG,1,train
9260.PNG,1,train
9570.PNG,1,train
1010.PNG,0,train
3755.PNG,1,train
8624.PNG,1,train
1066.PNG,0,train
6790.PNG,0,train
2357.PNG,1,train
7304.PNG,0,train
7935.PNG,1,train
1279.PNG,0,train
6818.PNG,0,train
8116.PNG,1,train
5189.PNG,0,train
5308.PNG,0,train
4735.PNG,1,train
177.PNG,0,train
4556.PNG,1,train
8729.PNG,1,train
6622.PNG,0,train
6384.PNG,0,train
4440.PNG,1,train
2503.PNG,1,train
9648.PNG,1,train
2972.PNG,1,train
2000.PNG,1,train
5548.PNG,0,train
135.PNG,0,train
8570.PNG,1,train
4187.PNG,1,train
5799.PNG,0,train
8532.PNG,1,train
8190.PNG,1,train
9642.PNG,1,train
7696.PNG,1,train
3195.PNG,1,train
390.PNG,0,train
9508.PNG,1,train
3549.PNG,1,train
3671.PNG,1,train
467.PNG,0,train
2944.PNG,1,train
2710.PNG,1,train
5805.PNG,0,train
1417.PNG,0,train
61.PNG,0,train
8785.PNG,1,train
6545.PNG,0,train
2070.PNG,1,train
3191.PNG,1,train
3310.PNG,1,train
7877.PNG,1,train
9136.PNG,1,train
3932.PNG,1,train
6888.PNG,0,train
8430.PNG,1,train
2045.PNG,1,train
7558.PNG,1,train
7990.PNG,1,train
7770.PNG,1,train
3779.PNG,1,train
4031.PNG,1,train
2714.PNG,1,train
1086.PNG,0,train
1512.PNG,0,train
8663.PNG,1,train
4652.PNG,1,train
5216.PNG,0,train
990.PNG,0,train
7318.PNG,0,train
4167.PNG,1,train
1360.PNG,0,train
7000.PNG,0,train
1746.PNG,0,train
9075.PNG,1,train
3975.PNG,1,train
5498.PNG,0,train
6945.PNG,0,train
8783.PNG,1,train
7889.PNG,1,train
1528.PNG,0,train
5830.PNG,0,train
841.PNG,0,train
167.PNG,0,train
4620.PNG,1,train
5183.PNG,0,train
5926.PNG,0,train
5824.PNG,0,train
2740.PNG,1,train
1545.PNG,0,train
2706.PNG,1,train
6149.PNG,0,train
1649.PNG,0,train
8216.PNG,1,train
7668.PNG,1,train
1835.PNG,0,train
5475.PNG,0,train
5534.PNG,0,train
6539.PNG,0,train
1660.PNG,0,train
4093.PNG,1,train
98.PNG,0,train
1825.PNG,0,train
7674.PNG,1,train
6151.PNG,0,train
900.PNG,0,train
5231.PNG,0,train
1778.PNG,0,train
8.PNG,0,train
4150.PNG,1,train
2750.PNG,1,train
8940.PNG,1,train
6175.PNG,0,train
6669.PNG,0,train
3541.PNG,1,train
9039.PNG,1,train
4725.PNG,1,train
2143.PNG,1,train
8333.PNG,1,train
3284.PNG,1,train
7927.PNG,1,train
3097.PNG,1,train
4674.PNG,1,train
5793.PNG,0,train
3048.PNG,1,train
8999.PNG,1,train
6982.PNG,0,train
1345.PNG,0,train
18.PNG,0,train
5432.PNG,0,train
7881.PNG,1,train
4207.PNG,1,train
1012.PNG,0,train
5990.PNG,0,train
1470.PNG,0,train
8170.PNG,1,train
7718.PNG,1,train
6519.PNG,0,train
4614.PNG,1,train
587.PNG,0,train
2079.PNG,1,train
8150.PNG,1,train
6189.PNG,0,train
9688.PNG,1,train
9017.PNG,1,train
8182.PNG,1,train
8351.PNG,1,train
6806.PNG,0,train
1790.PNG,0,train
9700.PNG,1,train
1439.PNG,0,train
7007.PNG,0,train
1162.PNG,0,train
2497.PNG,1,train
5974.PNG,0,train
2844.PNG,1,train
2562.PNG,1,train
6958.PNG,0,train
8632.PNG,1,train
5572.PNG,0,train
8022.PNG,1,train
9577.PNG,1,train
3455.PNG,1,train
2987.PNG,1,train
7836.PNG,1,train
55.PNG,0,train
2898.PNG,1,train
6347.PNG,0,train
6845.PNG,0,train
8112.PNG,1,train
6271.PNG,0,train
1776.PNG,0,train
4243.PNG,1,train
4871.PNG,0,train
8653.PNG,1,train
6312.PNG,0,train
298.PNG,0,train
3707.PNG,1,train
350.PNG,0,train
3894.PNG,1,train
4108.PNG,1,train
2491.PNG,1,train
9045.PNG,1,train
7635.PNG,1,train
6537.PNG,0,train
3340.PNG,1,train
3753.PNG,1,train
8985.PNG,1,train
6193.PNG,0,train
8397.PNG,1,train
4331.PNG,1,train
7994.PNG,1,train
1315.PNG,0,train
3519.PNG,1,train
3203.PNG,1,train
1108.PNG,0,train
5502.PNG,0,train
7739.PNG,1,train
813.PNG,0,train
8454.PNG,1,train
6320.PNG,0,train
5416.PNG,0,train
6594.PNG,0,train
4664.PNG,1,train
1467.PNG,0,train
4101.PNG,1,train
5809.PNG,0,train
4387.PNG,1,train
8751.PNG,1,train
5732.PNG,0,train
8223.PNG,1,train
2442.PNG,1,train
6002.PNG,0,train
8866.PNG,1,train
1663.PNG,0,train
8938.PNG,1,train
6600.PNG,0,train
2054.PNG,1,train
5615.PNG,0,train
8669.PNG,1,train
3486.PNG,1,train
5292.PNG,0,train
3181.PNG,1,train
5302.PNG,0,train
593.PNG,0,train
2291.PNG,1,train
3639.PNG,1,train
517.PNG,0,train
2564.PNG,1,train
1960.PNG,1,train
3199.PNG,1,train
3816.PNG,1,train
4899.PNG,0,train
7269.PNG,0,train
2902.PNG,1,train
7602.PNG,1,train
8406.PNG,1,train
9250.PNG,1,train
3638.PNG,1,train
1831.PNG,0,train
8963.PNG,1,train
8823.PNG,1,train
1410.PNG,0,train
1871.PNG,0,train
5346.PNG,0,train
7631.PNG,1,train
5956.PNG,0,train
3223.PNG,1,train
3382.PNG,1,train
9520.PNG,1,train
4381.PNG,1,train
5746.PNG,0,train
7099.PNG,0,train
4039.PNG,1,train
4834.PNG,0,train
38.PNG,0,train
4117.PNG,1,train
140.PNG,0,train
7235.PNG,0,train
4375.PNG,1,validation
2888.PNG,1,validation
1222.PNG,0,validation
5589.PNG,0,validation
8709.PNG,1,validation
2970.PNG,1,validation
9232.PNG,1,validation
6293.PNG,0,validation
9767.PNG,1,validation
7676.PNG,1,validation
8309.PNG,1,validation
4478.PNG,1,validation
4289.PNG,1,validation
1172.PNG,0,validation
1128.PNG,0,validation
5271.PNG,0,validation
996.PNG,0,validation
1658.PNG,0,validation
3697.PNG,1,validation
3222.PNG,1,validation
6551.PNG,0,validation
9276.PNG,1,validation
1036.PNG,0,validation
7911.PNG,1,validation
1954.PNG,0,validation
8428.PNG,1,validation
3848.PNG,1,validation
5726.PNG,0,validation
4516.PNG,1,validation
451.PNG,0,validation
5492.PNG,0,validation
8821.PNG,1,validation
3306.PNG,1,validation
173.PNG,0,validation
4767.PNG,1,validation
9071.PNG,1,validation
3521.PNG,1,validation
5224.PNG,0,validation
9599.PNG,1,validation
750.PNG,0,validation
9430.PNG,1,validation
8809.PNG,1,validation
7814.PNG,1,validation
1168.PNG,0,validation
9282.PNG,1,validation
485.PNG,0,validation
8126.PNG,1,validation
7149.PNG,0,validation
2027.PNG,1,validation
8288.PNG,1,validation
6257.PNG,0,validation
491.PNG,0,validation
412.PNG,0,validation
3796.PNG,1,validation
4606.PNG,1,validation
3956.PNG,1,validation
9621.PNG,1,validation
729.PNG,0,validation
2262.PNG,1,validation
603.PNG,0,validation
9574.PNG,1,validation
5928.PNG,0,validation
1698.PNG,0,validation
1188.PNG,0,validation
8311.PNG,1,validation
443.PNG,0,validation
6742.PNG,0,validation
2577.PNG,1,validation
1206.PNG,0,validation
2050.PNG,1,validation
942.PNG,0,validation
8915.PNG,1,validation
2037.PNG,1,validation
1314.PNG,0,validation
6089.PNG,0,validation
9049.PNG,1,validation
9031.PNG,1,validation
9490.PNG,1,validation
3475.PNG,1,validation
493.PNG,0,validation
905.PNG,0,validation
7206.PNG,0,validation
1611.PNG,0,validation
9172.PNG,1,validation
249.PNG,0,validation
2162.PNG,1,validation
9542.PNG,1,validation
5965.PNG,0,validation
2477.PNG,1,validation
4216.PNG,1,validation
2206.PNG,1,validation
4648.PNG,1,validation
3402.PNG,1,validation
4518.PNG,1,validation
9522.PNG,1,validation
7232.PNG,0,validation
1811.PNG,0,validation
420.PNG,0,validation
6505.PNG,0,validation
5486.PNG,0,validation
386.PNG,0,validation
6859.PNG,0,validation
3896.PNG,1,validation
2006.PNG,1,validation
8773.PNG,1,validation
3084.PNG,1,validation
3169.PNG,1,validation
4408.PNG,1,validation
7147.PNG,0,validation
6205.PNG,0,validation
8196.PNG,1,validation
2687.PNG,1,validation
1968.PNG,1,validation
4161.PNG,1,validation
1194.PNG,0,validation
75.PNG,0,validation
9228.PNG,1,validation
6223.PNG,0,validation
6480.PNG,0,validation
235.PNG,0,validation
6063.PNG,0,validation
9382.PNG,1,validation
9316.PNG,1,validation
3561.PNG,1,validation
8184.PNG,1,validation
4089.PNG,1,validation
4789.PNG,1,validation
8687.PNG,1,validation
1809.PNG,0,validation
582.PNG,0,validation
1593.PNG,0,validation
3505.PNG,1,validation
1520.PNG,0,validation
225.PNG,0,validation
9002.PNG,1,validation
1724.PNG,0,validation
223.PNG,0,validation
8612.PNG,1,validation
8436.PNG,1,validation
8675.PNG,1,validation
801.PNG,0,validation
8285.PNG,1,validation
8142.PNG,1,validation
6012.PNG,0,validation
1148.PNG,0,validation
2934.PNG,1,validation
7223.PNG,0,validation
1338.PNG,0,validation
643.PNG,0,validation
8815.PNG,1,validation
7760.PNG,1,validation
8801.PNG,1,validation
1479.PNG,0,validation
9108.PNG,1,validation
6267.PNG,0,validation
2730.PNG,1,validation
5720.PNG,0,validation
3189.PNG,1,validation
3088.PNG,1,validation
7716.PNG,1,validation
205.PNG,0,validation
4233.PNG,1,validation
5578.PNG,0,validation
2925.PNG,1,validation
2698.PNG,1,validation
5985.PNG,0,validation
4692.PNG,1,validation
8797.PNG,1,validation
4083.PNG,1,validation
1258.PNG,0,validation
2840.PNG,1,validation
6726.PNG,0,validation
1748.PNG,0,validation
3735.PNG,1,validation
9412.PNG,1,validation
7858.PNG,1,validation
1788.PNG,0,validation
8775.PNG,1,validation
2222.PNG,1,validation
5160.PNG,0,validation
8343.PNG,1,validation
2634.PNG,1,validation
2744.PNG,1,validation
481.PNG,0,validation
890.PNG,0,validation
9595.PNG,1,validation
2113.PNG,1,validation
717.PNG,0,validation
7866.PNG,1,validation
8097.PNG,1,validation
8466.PNG,1,validation
7224.PNG,0,validation
3467.PNG,1,validation
3241.PNG,1,validation
7144.PNG,0,validation
9128.PNG,1,validation
3398.PNG,1,validation
6033.PNG,0,validation
6153.PNG,0,validation
7569.PNG,1,validation
9077.PNG,1,validation
433.PNG,0,validation
6615.PNG,0,validation
2882.PNG,1,validation
7947.PNG,1,validation
7714.PNG,1,validation
3354.PNG,1,validation
5821.PNG,0,validation
4610.PNG,1,validation
868.PNG,0,validation
5694.PNG,0,validation
422.PNG,0,validation
4323.PNG,1,validation
5012.PNG,0,validation
5674.PNG,0,validation
7287.PNG,0,validation
6314.PNG,0,validation
9090.PNG,1,validation
2884.PNG,1,validation
6605.PNG,0,validation
7897.PNG,1,validation
4003.PNG,1,validation
8779.PNG,1,validation
6826.PNG,0,validation
5860.PNG,0,validation
569.PNG,0,validation
2451.PNG,1,validation
9278.PNG,1,validation
7243.PNG,0,validation
2136.PNG,1,validation
88.PNG,0,validation
8305.PNG,1,validation
9186.PNG,1,validation
8355.PNG,1,validation
9270.PNG,1,validation
4548.PNG,1,validation
8079.PNG,1,validation
8514.PNG,1,validation
36.PNG,0,validation
4901.PNG,0,validation
338.PNG,0,validation
4884.PNG,0,validation
7848.PNG,1,validation
1182.PNG,0,validation
6249.PNG,0,validation
2407.PNG,1,validation
6073.PNG,0,validation
6215.PNG,0,validation
2483.PNG,1,validation
3332.PNG,1,validation
8554.PNG,1,validation
3227.PNG,1,validation
4507.PNG,1,validation
6762.PNG,0,validation
726.PNG,0,validation
8452.PNG,1,validation
416.PNG,0,validation
5702.PNG,0,validation
6253.PNG,0,validation
5331.PNG,0,validation
2696.PNG,1,validation
2766.PNG,1,validation
862.PNG,0,validation
9631.PNG,1,validation
3946.PNG,1,validation
5314.PNG,0,validation
741.PNG,0,validation
6029.PNG,0,validation
1478.PNG,0,validation
3983.PNG,1,validation
3208.PNG,1,validation
5202.PNG,0,validation
3587.PNG,1,validation
4596.PNG,1,validation
9755.PNG,1,validation
7828.PNG,1,validation
7650.PNG,1,validation
7610.PNG,1,validation
2968.PNG,1,validation
4067.PNG,1,validation
4708.PNG,1,validation
7726.PNG,1,validation
3426.PNG,1,validation
6187.PNG,0,validation
9218.PNG,1,validation
3808.PNG,1,validation
1406.PNG,0,validation
489.PNG,0,validation
948.PNG,0,validation
8977.PNG,1,validation
7137.PNG,0,validation
8735.PNG,1,validation
8032.PNG,1,validation
1913.PNG,0,validation
3070.PNG,1,validation
8655.PNG,1,validation
9312.PNG,1,validation
41.PNG,0,validation
7219.PNG,0,validation
7273.PNG,0,validation
1094.PNG,0,validation
6437.PNG,0,validation
1799.PNG,0,validation
5370.PNG,0,validation
5597.PNG,0,validation
2384.PNG,1,validation
9216.PNG,1,validation
8273.PNG,1,validation
7189.PNG,0,validation
7060.PNG,0,validation
4798.PNG,1,validation
9652.PNG,1,validation
3286.PNG,1,validation
1829.PNG,0,validation
3326.PNG,1,validation
4221.PNG,1,validation
1938.PNG,0,validation
6199.PNG,0,validation
8971.PNG,1,validation
4759.PNG,1,validation
7107.PNG,0,validation
547.PNG,0,validation
6720.PNG,0,validation
8298.PNG,1,validation
1046.PNG,0,validation
8917.PNG,1,validation
9737.PNG,1,validation
8616.PNG,1,validation
7262.PNG,0,validation
6748.PNG,0,validation
8693.PNG,1,validation
4365.PNG,1,validation
7316.PNG,0,validation
239.PNG,0,validation
4079.PNG,1,validation
6901.PNG,0,validation
1174.PNG,0,validation
3093.PNG,1,validation
1879.PNG,0,validation
1679.PNG,0,validation
475.PNG,0,validation
7019.PNG,0,validation
7678.PNG,1,validation
5364.PNG,0,validation
1821.PNG,0,validation
2132.PNG,1,validation
2104.PNG,1,validation
2062.PNG,1,validation
7179.PNG,0,validation
3701.PNG,1,validation
8238.PNG,1,validation
9554.PNG,1,validation
7213.PNG,0,validation
8100.PNG,1,validation
2990.PNG,1,validation
9593.PNG,1,validation
7320.PNG,0,validation
1394.PNG,0,validation
2820.PNG,1,validation
7804.PNG,1,validation
3810.PNG,1,validation
4796.PNG,1,validation
6469.PNG,0,validation
5950.PNG,0,validation
715.PNG,0,validation
5584.PNG,0,validation
3032.PNG,1,validation
5617.PNG,0,validation
8383.PNG,1,validation
5536.PNG,0,validation
1396.PNG,0,validation
7184.PNG,0,validation
4285.PNG,1,validation
5846.PNG,0,validation
6415.PNG,0,validation
633.PNG,0,validation
6566.PNG,0,validation
323.PNG,0,validation
4733.PNG,1,validation
3693.PNG,1,validation
4751.PNG,1,validation
1243.PNG,0,validation
4554.PNG,1,validation
6366.PNG,0,validation
9548.PNG,1,validation
368.PNG,0,validation
4462.PNG,1,validation
1772.PNG,0,validation
9374.PNG,1,validation
2998.PNG,1,validation
5438.PNG,0,validation
944.PNG,0,validation
3487.PNG,1,validation
9380.PNG,1,validation
982.PNG,0,validation
4947.PNG,0,validation
3757.PNG,1,validation
163.PNG,0,validation
6409.PNG,0,validation
388.PNG,0,validation
7846.PNG,1,validation
505.PNG,0,validation
3133.PNG,1,validation
3617.PNG,1,validation
4624.PNG,1,validation
8426.PNG,1,validation
9288.PNG,1,validation
2180.PNG,1,validation
5269.PNG,0,validation
2266.PNG,1,validation
2574.PNG,1,validation
5856.PNG,0,validation
4682.PNG,1,validation
8540.PNG,1,validation
7165.PNG,0,validation
3529.PNG,1,validation
5298.PNG,0,validation
4333.PNG,1,validation
2704.PNG,1,validation
8803.PNG,1,validation
539.PNG,0,validation
4139.PNG,1,validation
5996.PNG,0,validation
7644.PNG,1,validation
4534.PNG,1,validation
8186.PNG,1,validation
179.PNG,0,validation
9576.PNG,1,validation
1270.PNG,0,validation
5149.PNG,0,validation
5220.PNG,0,validation
1274.PNG,0,validation
6421.PNG,0,validation
6427.PNG,0,validation
2890.PNG,1,validation
6339.PNG,0,validation
8833.PNG,1,validation
1665.PNG,0,validation
6808.PNG,0,validation
8303.PNG,1,validation
227.PNG,0,validation
7685.PNG,1,validation
9100.PNG,1,validation
8860.PNG,1,validation
2552.PNG,1,validation
1568.PNG,0,validation
1218.PNG,0,validation
8886.PNG,1,validation
6497.PNG,0,validation
2487.PNG,1,validation
4137.PNG,1,validation
1980.PNG,1,validation
1651.PNG,0,validation
8166.PNG,1,validation
6798.PNG,0,validation
7776.PNG,1,validation
7856.PNG,1,validation
3687.PNG,1,validation
9727.PNG,1,validation
864.PNG,0,validation
3575.PNG,1,validation
2842.PNG,1,validation
6000.PNG,0,validation
1591.PNG,0,validation
3621.PNG,1,validation
2724.PNG,1,validation
880.PNG,0,validation
2636.PNG,1,validation
3058.PNG,1,validation
5288.PNG,0,validation
8379.PNG,1,validation
9512.PNG,1,validation
7353.PNG,0,validation
2748.PNG,1,validation
619.PNG,0,validation
7658.PNG,1,validation
8502.PNG,1,validation
5907.PNG,0,validation
6831.PNG,0,validation
3312.PNG,1,validation
964.PNG,0,validation
5003.PNG,0,validation
8697.PNG,1,validation
3806.PNG,1,validation
1136.PNG,0,validation
3038.PNG,1,validation
1930.PNG,0,validation
2489.PNG,1,validation
2856.PNG,1,validation
9396.PNG,1,validation
2287.PNG,1,validation
435.PNG,0,validation
940.PNG,0,validation
2579.PNG,1,validation
2824.PNG,1,validation
3386.PNG,1,validation
9182.PNG,1,validation
8375.PNG,1,validation
9065.PNG,1,validation
9194.PNG,1,validation
7187.PNG,0,validation
1635.PNG,0,validation
592.PNG,0,validation
6016.PNG,0,validation
6609.PNG,0,validation
4458.PNG,1,validation
2463.PNG,1,validation
6165.PNG,0,validation
304.PNG,0,validation
2960.PNG,1,validation
8363.PNG,1,validation
6947.PNG,0,validation
5899.PNG,0,validation
4057.PNG,1,validation
3008.PNG,1,validation
9330.PNG,1,validation
129.PNG,0,validation
455.PNG,0,validation
7756.PNG,1,validation
4532.PNG,1,validation
3826.PNG,1,validation
8836.PNG,1,validation
4095.PNG,1,validation
8014.PNG,1,validation
7708.PNG,1,validation
882.PNG,0,validation
1048.PNG,0,validation
2632.PNG,1,validation
1752.PNG,0,validation
107.PNG,0,validation
32.PNG,0,validation
8028.PNG,1,validation
2914.PNG,1,validation
8858.PNG,1,validation
1795.PNG,0,validation
1317.PNG,0,validation
6213.PNG,0,validation
2389.PNG,1,validation
8508.PNG,1,validation
4013.PNG,1,validation
8040.PNG,1,validation
956.PNG,0,validation
815.PNG,0,validation
4684.PNG,1,validation
5940.PNG,0,validation
6820.PNG,0,validation
4826.PNG,1,validation
3567.PNG,1,test
6986.PNG,0,test
8140.PNG,1,test
8438.PNG,1,test
7555.PNG,1,test
3711.PNG,1,test
6263.PNG,0,test
5156.PNG,0,test
245.PNG,0,test
3336.PNG,1,test
737.PNG,0,test
1518.PNG,0,test
3062.PNG,1,test
5396.PNG,0,test
4359.PNG,1,test
9414.PNG,1,test
1970.PNG,1,test
2211.PNG,1,test
735.PNG,0,test
4438.PNG,1,test
9370.PNG,1,test
9248.PNG,1,test
2816.PNG,1,test
7832.PNG,1,test
2052.PNG,1,test
7593.PNG,1,test
4163.PNG,1,test
7748.PNG,1,test
8010.PNG,1,test
9534.PNG,1,test
1975.PNG,1,test
6401.PNG,0,test
3064.PNG,1,test
3396.PNG,1,test
1319.PNG,0,test
5922.PNG,0,test
1736.PNG,0,test
4513.PNG,1,test
5249.PNG,0,test
8136.PNG,1,test
2982.PNG,1,test
1428.PNG,0,test
4249.PNG,1,test
7148.PNG,0,test
283.PNG,0,test
6984.PNG,0,test
2256.PNG,1,test
1758.PNG,0,test
7737.PNG,1,test
9230.PNG,1,test
8639.PNG,1,test
380.PNG,0,test
6197.PNG,0,test
4426.PNG,1,test
3412.PNG,1,test
2004.PNG,1,test
8486.PNG,1,test
8036.PNG,1,test
7098.PNG,0,test
7692.PNG,1,test
9658.PNG,1,test
6620.PNG,0,test
3217.PNG,1,test
4373.PNG,1,test
5452.PNG,0,test
1516.PNG,0,test
2660.PNG,1,test
1052.PNG,0,test
4165.PNG,1,test
1461.PNG,0,test
8280.PNG,1,test
7788.PNG,1,test
4686.PNG,1,test
24.PNG,0,test
8229.PNG,1,test
5905.PNG,0,test
6471.PNG,0,test
3675.PNG,1,test
2040.PNG,1,test
6768.PNG,0,test
6067.PNG,0,test
6069.PNG,0,test
7820.PNG,1,test
6853.PNG,0,test
5678.PNG,0,test
6155.PNG,0,test
9514.PNG,1,test
5632.PNG,0,test
5348.PNG,0,test
3948.PNG,1,test
9174.PNG,1,test
3767.PNG,1,test
2754.PNG,1,test
2013.PNG,1,test
3661.PNG,1,test
6191.PNG,0,test
1120.PNG,0,test
5864.PNG,0,test
9550.PNG,1,test
3868.PNG,1,test
4169.PNG,1,test
8831.PNG,1,test
7664.PNG,1,test
781.PNG,0,test
2611.PNG,1,test
2208.PNG,1,test
7772.PNG,1,test
8911.PNG,1,test
2351.PNG,1,test
4806.PNG,1,test
7654.PNG,1,test
3593.PNG,1,test
2043.PNG,1,test
3997.PNG,1,test
5934.PNG,0,test
7617.PNG,1,test
2341.PNG,1,test
5593.PNG,0,test
1876.PNG,0,test
1300.PNG,0,test
4059.PNG,1,test
7346.PNG,0,test
4345.PNG,1,test
1562.PNG,0,test
6942.PNG,0,test
384.PNG,0,test
1064.PNG,0,test
1488.PNG,0,test
8110.PNG,1,test
6639.PNG,0,test
1909.PNG,0,test
5354.PNG,0,test
5038.PNG,0,test
3649.PNG,1,test
7069.PNG,0,test
6316.PNG,0,test
9336.PNG,1,test
639.PNG,0,test
125.PNG,0,test
2760.PNG,1,test
4489.PNG,1,test
7089.PNG,0,test
8442.PNG,1,test
6891.PNG,0,test
902.PNG,0,test
6115.PNG,0,test
4944.PNG,0,test
7126.PNG,0,test
1241.PNG,0,test
4474.PNG,1,test
3308.PNG,1,test
2544.PNG,1,test
8743.PNG,1,test
5724.PNG,0,test
7743.PNG,1,test
9254.PNG,1,test
5408.PNG,0,test
6103.PNG,0,test
5212.PNG,0,test
2189.PNG,1,test
8951.PNG,1,test
5225.PNG,0,test
1390.PNG,0,test
6382.PNG,0,test
2020.PNG,1,test
1915.PNG,0,test
2896.PNG,1,test
5885.PNG,0,test
9284.PNG,1,test
3141.PNG,1,test
2160.PNG,1,test
7978.PNG,1,test
6581.PNG,0,test
538.PNG,0,test
2788.PNG,1,test
3591.PNG,1,test
6641.PNG,0,test
175.PNG,0,test
7758.PNG,1,test
1084.PNG,0,test
799.PNG,0,test
8178.PNG,1,test
392.PNG,0,test
8038.PNG,1,test
9766.PNG,1,test
573.PNG,0,test
7168.PNG,0,test
1655.PNG,0,test
4183.PNG,1,test
2144.PNG,1,test
5187.PNG,0,test
3691.PNG,1,test
988.PNG,0,test
8075.PNG,1,test
9126.PNG,1,test
5390.PNG,0,test
6127.PNG,0,test
3603.PNG,1,test
3036.PNG,1,test
2850.PNG,1,test
8550.PNG,1,test
9368.PNG,1,test
761.PNG,0,test
8899.PNG,1,test
5580.PNG,0,test
3705.PNG,1,test
8020.PNG,1,test
3143.PNG,1,test
4239.PNG,1,test
183.PNG,0,test
5404.PNG,0,test
4642.PNG,1,test
215.PNG,0,test
8152.PNG,1,test
5290.PNG,0,test
67.PNG,0,test
7686.PNG,1,test
5330.PNG,0,test
5948.PNG,0,test
6113.PNG,0,test
4800.PNG,1,test
2220.PNG,1,test
6931.PNG,0,test
797.PNG,0,test
1471.PNG,0,test
8381.PNG,1,test
6491.PNG,0,test
1671.PNG,0,test
1555.PNG,0,test
8264.PNG,1,test
4231.PNG,1,test
269.PNG,0,test
1100.PNG,0,test
773.PNG,0,test
7798.PNG,1,test
6813.PNG,0,test
8610.PNG,1,test
8608.PNG,1,test
501.PNG,0,test
2066.PNG,1,test
4731.PNG,1,test
922.PNG,0,test
2822.PNG,1,test
8132.PNG,1,test
6429.PNG,0,test
912.PNG,0,test
4213.PNG,1,test
121.PNG,0,test
8470.PNG,1,test
8102.PNG,1,test
7621.PNG,1,test
9696.PNG,1,test
8844.PNG,1,test
3595.PNG,1,test
6357.PNG,0,test
9096.PNG,1,test
1768.PNG,0,test
142.PNG,0,test
6157.PNG,0,test
4746.PNG,1,test
9398.PNG,1,test
5524.PNG,0,test
4640.PNG,1,test
8371.PNG,1,test
9322.PNG,1,test
9178.PNG,1,test
7150.PNG,0,test
8067.PNG,1,test
3344.PNG,1,test
8393.PNG,1,test
8320.PNG,1,test
3459.PNG,1,test
2369.PNG,1,test
7230.PNG,0,test
6637.PNG,0,test
9150.PNG,1,test
8106.PNG,1,test
3814.PNG,1,test
69.PNG,0,test
463.PNG,0,test
751.PNG,0,test
4255.PNG,1,test
4177.PNG,1,test
5198.PNG,0,test
5710.PNG,0,test
5763.PNG,0,test
2329.PNG,1,test
7842.PNG,1,test
1354.PNG,0,test
4293.PNG,1,test
3078.PNG,1,test
4434.PNG,1,test
1723.PNG,0,test
5406.PNG,0,test
6588.PNG,0,test
2876.PNG,1,test
1605.PNG,0,test
595.PNG,0,test
203.PNG,0,test
7949.PNG,1,test
4770.PNG,1,test
4744.PNG,1,test
5649.PNG,0,test
6389.PNG,0,test
6403.PNG,0,test
2646.PNG,1,test
5887.PNG,0,test
3002.PNG,1,test
4742.PNG,1,test
5815.PNG,0,test
5208.PNG,0,test
3647.PNG,1,test
2558.PNG,1,test
1673.PNG,0,test
834.PNG,0,test
335.PNG,0,test
7834.PNG,1,test
3014.PNG,1,test
3540.PNG,1,test
6280.PNG,0,test
2072.PNG,1,test
5603.PNG,0,test
1637.PNG,0,test
7341.PNG,0,test
102.PNG,0,test
1684.PNG,0,test
8434.PNG,1,test
4119.PNG,1,test
6849.PNG,0,test
8412.PNG,1,test
1595.PNG,0,test
2327.PNG,1,test
1436.PNG,0,test
2917.PNG,1,test
50.PNG,0,test
5504.PNG,0,test
2720.PNG,1,test
5873.PNG,0,test
6405.PNG,0,test
3719.PNG,1,test
2318.PNG,1,test
2570.PNG,1,test
3548.PNG,1,test
3231.PNG,1,test
2412.PNG,1,test
329.PNG,0,test
3787.PNG,1,test
9180.PNG,1,test
3775.PNG,1,test
8506.PNG,1,test
1304.PNG,0,test
8771.PNG,1,test
2873.PNG,1,test
7023.PNG,0,test
8989.PNG,1,test
6564.PNG,0,test
12.PNG,0,test
8701.PNG,1,test
3803.PNG,1,test
1889.PNG,0,test
8995.PNG,1,test
9706.PNG,1,test
8749.PNG,1,test
1423.PNG,0,test
5871.PNG,0,test
1534.PNG,0,test
4509.PNG,1,test
7244.PNG,0,test
3117.PNG,1,test
9061.PNG,1,test
1092.PNG,0,test
5296.PNG,0,test
817.PNG,0,test
4.PNG,0,test
5342.PNG,0,test
2031.PNG,1,test
9055.PNG,1,test
6738.PNG,0,test
762.PNG,0,test
3783.PNG,1,test
2524.PNG,1,test
1807.PNG,0,test
5803.PNG,0,test
6772.PNG,0,test
9306.PNG,1,test
7045.PNG,0,test
9037.PNG,1,test
6185.PNG,0,test
7038.PNG,0,test
2607.PNG,1,test
1996.PNG,1,test
5706.PNG,0,test
7312.PNG,0,test
313.PNG,0,test
6035.PNG,0,test
9162.PNG,1,test
2507.PNG,1,test
3503.PNG,1,test
1042.PNG,0,test
8387.PNG,1,test
1570.PNG,0,test
8705.PNG,1,test
1298.PNG,0,test
1400.PNG,0,test
8391.PNG,1,test
7202.PNG,0,test
2980.PNG,1,test
2532.PNG,1,test
2422.PNG,1,test
8538.PNG,1,test
4566.PNG,1,test
4195.PNG,1,test
1901.PNG,0,test
441.PNG,0,test
6815.PNG,0,test
2928.PNG,1,test
4480.PNG,1,test
4219.PNG,1,test
2951.PNG,1,test
5024.PNG,0,test
5360.PNG,0,test
9725.PNG,1,test
1661.PNG,0,test
918.PNG,0,test
1453.PNG,0,test
4075.PNG,1,test
2303.PNG,1,test
3678.PNG,1,test
8630.PNG,1,test
1817.PNG,0,test
8556.PNG,1,test
5158.PNG,0,test
3829.PNG,1,test
1803.PNG,0,test
2638.PNG,1,test
9664.PNG,1,test
7860.PNG,1,test
8548.PNG,1,test
6299.PNG,0,test
6754.PNG,0,test
2117.PNG,1,test
3304.PNG,1,test
4349.PNG,1,test
5893.PNG,0,test
1706.PNG,0,test
1734.PNG,0,test
3499.PNG,1,test
9662.PNG,1,test
6291.PNG,0,test
8562.PNG,1,test
1917.PNG,0,test
5037.PNG,0,test
9384.PNG,1,test
253.PNG,0,test
916.PNG,0,test
2936.PNG,1,test
6211.PNG,0,test
4636.PNG,1,test
7615.PNG,1,test
701.PNG,0,test
3350.PNG,1,test
3877.PNG,1,test
3824.PNG,1,test
749.PNG,0,test
4141.PNG,1,test
6617.PNG,0,test
6203.PNG,0,test
2082.PNG,1,test
2772.PNG,1,test
1457.PNG,0,test
3954.PNG,1,test
9579.PNG,1,test
8763.PNG,1,test
2371.PNG,1,test
6933.PNG,0,test
9148.PNG,1,test
9587.PNG,1,test
4424.PNG,1,test
3525.PNG,1,test
7794.PNG,1,test
3801.PNG,1,test
6724.PNG,0,test
1961.PNG,1,test
657.PNG,0,test
4456.PNG,1,test
5385.PNG,0,test
3497.PNG,1,test
9544.PNG,1,test
5383.PNG,0,test
5153.PNG,0,test
3703.PNG,1,test
8194.PNG,1,test
663.PNG,0,test
9444.PNG,1,test
7242.PNG,0,test
5181.PNG,0,test
4394.PNG,1,test
8987.PNG,1,test
5777.PNG,0,test
1553.PNG,0,test
4396.PNG,1,test
3643.PNG,1,test
8932.PNG,1,test
653.PNG,0,test
4522.PNG,1,test
4468.PNG,1,test
6027.PNG,0,test
9266.PNG,1,test
7169.PNG,0,test
8850.PNG,1,test
7111.PNG,0,test
4398.PNG,1,test
9654.PNG,1,test
9114.PNG,1,test
5688.PNG,0,test
285.PNG,0,test
1392.PNG,0,test
631.PNG,0,test
2818.PNG,1,test
4153.PNG,1,test
1867.PNG,0,test
8753.PNG,1,test
9332.PNG,1,test
2248.PNG,1,test
1581.PNG,0,test
6626.PNG,0,test
8248.PNG,1,test
7079.PNG,0,test
2105.PNG,1,test
8349.PNG,1,test
5318.PNG,0,test
1190.PNG,0,test
3886.PNG,1,test
6560.PNG,0,test
8174.PNG,1,test
262.PNG,0,test
9416.PNG,1,test
6235.PNG,0,test
1266.PNG,0,test
9300.PNG,1,test
3300.PNG,1,test
1141.PNG,0,test
5952.PNG,0,test
2678.PNG,1,test
2962.PNG,1,test
2764.PNG,1,test
3710.PNG,1,test
